{
  "label_definition": "1 = greedy answer contains no normalized accepted answer alias",
  "calibration_examples": 300,
  "held_out_examples": 300,
  "calibration_incorrect": 258,
  "held_out_incorrect": 253,
  "methods": {
    "top3_token_surprise": {
      "display_name": "Top-3 token surprise",
      "formula": "mean(largest 3 values of -ln p(chosen greedy token))",
      "direction": "higher means more likely incorrect",
      "threshold": 0.3906359485132077,
      "calibration": {
        "examples": 300,
        "incorrect": 258,
        "auroc": 0.715577703949797,
        "macro_f1": 0.632695895522388
      },
      "held_out": {
        "examples": 300,
        "incorrect": 253,
        "correct": 47,
        "auroc": 0.7154150197628458,
        "auroc_ci_95": [
          0.6304959930690924,
          0.79336
        ],
        "average_precision": 0.9209888548508535,
        "macro_f1": 0.5766660454218696,
        "confusion": {
          "true_negative": 9,
          "false_positive": 38,
          "false_negative": 15,
          "true_positive": 238
        },
        "selective_accuracy": {
          "0.9": 0.17037037037037037,
          "0.8": 0.17916666666666667,
          "0.7": 0.19047619047619047
        }
      },
      "by_dataset": {
        "nq_open": {
          "examples": 100,
          "incorrect": 86,
          "correct": 14,
          "auroc": 0.8056478405315615,
          "auroc_ci_95": [
            0.6751893939393939,
            0.9089301503094607
          ],
          "average_precision": 0.9621171285859893,
          "macro_f1": 0.5821279331404693,
          "confusion": {
            "true_negative": 2,
            "false_positive": 12,
            "false_negative": 1,
            "true_positive": 85
          },
          "selective_accuracy": {
            "0.9": 0.15555555555555556,
            "0.8": 0.175,
            "0.7": 0.2
          }
        },
        "trivia_qa": {
          "examples": 100,
          "incorrect": 75,
          "correct": 25,
          "auroc": 0.6368,
          "auroc_ci_95": [
            0.5014116318464145,
            0.766798418972332
          ],
          "average_precision": 0.8222511328157909,
          "macro_f1": 0.5463618218109236,
          "confusion": {
            "true_negative": 4,
            "false_positive": 21,
            "false_negative": 4,
            "true_positive": 71
          },
          "selective_accuracy": {
            "0.9": 0.25555555555555554,
            "0.8": 0.25,
            "0.7": 0.2857142857142857
          }
        },
        "truthful_qa": {
          "examples": 100,
          "incorrect": 92,
          "correct": 8,
          "auroc": 0.8383152173913043,
          "auroc_ci_95": [
            0.7431578947368421,
            0.9206349206349206
          ],
          "average_precision": 0.9851883440050014,
          "macro_f1": 0.6009577015163607,
          "confusion": {
            "true_negative": 3,
            "false_positive": 5,
            "false_negative": 10,
            "true_positive": 82
          },
          "selective_accuracy": {
            "0.9": 0.08888888888888889,
            "0.8": 0.1,
            "0.7": 0.11428571428571428
          }
        }
      },
      "paired_vs_top3_token_surprise": null,
      "incremental_runtime": {
        "mean_seconds_per_question": 0.0,
        "median_seconds_per_question": 0.0,
        "total_seconds": 0.0
      }
    },
    "p_true": {
      "display_name": "P(False self-check)",
      "formula": "p(No) / (p(Yes) + p(No)) under the fixed correctness prompt",
      "direction": "higher means more likely incorrect",
      "threshold": 0.2043418876505253,
      "calibration": {
        "examples": 300,
        "incorrect": 258,
        "auroc": 0.4715762273901809,
        "macro_f1": 0.5257452574525745
      },
      "held_out": {
        "examples": 300,
        "incorrect": 253,
        "correct": 47,
        "auroc": 0.5913716255991927,
        "auroc_ci_95": [
          0.4923391215526047,
          0.6814365671641791
        ],
        "average_precision": 0.8732655850603934,
        "macro_f1": 0.5499121779859485,
        "confusion": {
          "true_negative": 15,
          "false_positive": 32,
          "false_negative": 50,
          "true_positive": 203
        },
        "selective_accuracy": {
          "0.9": 0.16296296296296298,
          "0.8": 0.15416666666666667,
          "0.7": 0.1761904761904762
        }
      },
      "by_dataset": {
        "nq_open": {
          "examples": 100,
          "incorrect": 86,
          "correct": 14,
          "auroc": 0.7043189368770764,
          "auroc_ci_95": [
            0.5579133510167993,
            0.8322259136212624
          ],
          "average_precision": 0.9398915255025029,
          "macro_f1": 0.5686274509803921,
          "confusion": {
            "true_negative": 4,
            "false_positive": 10,
            "false_negative": 12,
            "true_positive": 74
          },
          "selective_accuracy": {
            "0.9": 0.15555555555555556,
            "0.8": 0.175,
            "0.7": 0.18571428571428572
          }
        },
        "trivia_qa": {
          "examples": 100,
          "incorrect": 75,
          "correct": 25,
          "auroc": 0.5546666666666666,
          "auroc_ci_95": [
            0.40559440559440557,
            0.6933471933471933
          ],
          "average_precision": 0.7681473593919902,
          "macro_f1": 0.5523130492455646,
          "confusion": {
            "true_negative": 5,
            "false_positive": 20,
            "false_negative": 7,
            "true_positive": 68
          },
          "selective_accuracy": {
            "0.9": 0.24444444444444444,
            "0.8": 0.225,
            "0.7": 0.22857142857142856
          }
        },
        "truthful_qa": {
          "examples": 100,
          "incorrect": 92,
          "correct": 8,
          "auroc": 0.7989130434782609,
          "auroc_ci_95": [
            0.6560283687943262,
            0.9181929181929182
          ],
          "average_precision": 0.9798541198038844,
          "macro_f1": 0.5268817204301075,
          "confusion": {
            "true_negative": 6,
            "false_positive": 2,
            "false_negative": 31,
            "true_positive": 61
          },
          "selective_accuracy": {
            "0.9": 0.08888888888888889,
            "0.8": 0.1,
            "0.7": 0.11428571428571428
          }
        }
      },
      "paired_vs_top3_token_surprise": {
        "auroc_difference": -0.12404339416365318,
        "auroc_difference_ci_95": [
          -0.23628942486085347,
          -0.008777486200343798
        ],
        "excludes_zero": true,
        "reliably_improves": false
      },
      "incremental_runtime": {
        "mean_seconds_per_question": 0.028105377704293156,
        "median_seconds_per_question": 0.027281708433292806,
        "total_seconds": 16.863226622575894
      }
    },
    "hidden_logistic_probe": {
      "display_name": "Mean-hidden linear probe",
      "formula": "sigmoid(b + sum_j w_j × ((h_j - mean_j) / std_j))",
      "direction": "higher means more likely incorrect",
      "threshold": 0.44951511428595003,
      "calibration": {
        "examples": 300,
        "incorrect": 258,
        "auroc": 1.0,
        "macro_f1": 1.0
      },
      "held_out": {
        "examples": 300,
        "incorrect": 253,
        "correct": 47,
        "auroc": 0.6481372466571357,
        "auroc_ci_95": [
          0.5581546458739441,
          0.7416049382716049
        ],
        "average_precision": 0.8841977635826653,
        "macro_f1": 0.5947498941510918,
        "confusion": {
          "true_negative": 16,
          "false_positive": 31,
          "false_negative": 36,
          "true_positive": 217
        },
        "selective_accuracy": {
          "0.9": 0.15555555555555556,
          "0.8": 0.16666666666666666,