{
  "label_definition": "1 = generated answer did not contain any normalized gold alias",
  "calibration_examples": 50,
  "calibration_hallucinations": 16,
  "test_examples": 50,
  "test_hallucinations": 15,
  "scores": {
    "crcv_mean": {
      "display_name": "CRCV (primary)",
      "direction": "higher score predicts an incorrect answer",
      "calibration_auroc": 0.6654411764705882,
      "calibration_macro_f1": 0.7142857142857143,
      "threshold": 0.25727368434431386,
      "test_auroc": 0.5942857142857143,
      "test_auroc_ci_95": [
        0.41911764705882354,
        0.765625
      ],
      "test_macro_f1": 0.5703301673450927,
      "test_confusion": {
        "true_negative": 24,
        "false_positive": 11,
        "false_negative": 8,
        "true_positive": 7
      }
    },
    "crcv_max": {
      "display_name": "CRCV maximum",
      "direction": "higher score predicts an incorrect answer",
      "calibration_auroc": 0.8308823529411765,
      "calibration_macro_f1": 0.7896213183730716,
      "threshold": 0.3970060255161868,
      "test_auroc": 0.6742857142857143,
      "test_auroc_ci_95": [
        0.5055147058823529,
        0.8301282051282052
      ],
      "test_macro_f1": 0.587178241864983,
      "test_confusion": {
        "true_negative": 27,
        "false_positive": 8,
        "false_negative": 9,
        "true_positive": 6
      }
    },
    "mean_nll": {
      "display_name": "Mean token surprise",
      "direction": "higher score predicts an incorrect answer",
      "calibration_auroc": 0.7683823529411765,
      "calibration_macro_f1": 0.7896213183730716,
      "threshold": 0.29274397794414775,
      "test_auroc": 0.7295238095238096,
      "test_auroc_ci_95": [
        0.5679824561403509,
        0.8653530377668309
      ],
      "test_macro_f1": 0.6702181633688482,
      "test_confusion": {
        "true_negative": 30,
        "false_positive": 5,
        "false_negative": 8,
        "true_positive": 7
      }
    },
    "confidence_variance_mean": {
      "display_name": "Confidence variability",
      "direction": "higher score predicts an incorrect answer",
      "calibration_auroc": 0.7573529411764706,
      "calibration_macro_f1": 0.7083333333333334,
      "threshold": 0.15570443933748473,
      "test_auroc": 0.7771428571428571,
      "test_auroc_ci_95": [
        0.6323809523809524,
        0.9044117647058824
      ],
      "test_macro_f1": 0.6782496782496783,
      "test_confusion": {
        "true_negative": 24,
        "false_positive": 11,
        "false_negative": 4,
        "true_positive": 11
      }
    },
    "shift_variance_mean": {
      "display_name": "Hidden-shift variability",
      "direction": "higher score predicts an incorrect answer",
      "calibration_auroc": 0.5680147058823529,
      "calibration_macro_f1": 0.6323529411764706,
      "threshold": 0.22281466273641198,
      "test_auroc": 0.4533333333333333,
      "test_auroc_ci_95": [
        0.285,
        0.6205962059620597
      ],
      "test_macro_f1": 0.5384615384615385,
      "test_confusion": {
        "true_negative": 22,
        "false_positive": 13,
        "false_negative": 8,
        "true_positive": 7
      }
    },
    "answer_tokens": {
      "display_name": "Answer length",
      "direction": "higher score predicts an incorrect answer",
      "calibration_auroc": 0.7904411764705882,
      "calibration_macro_f1": 0.7159090909090908,
      "threshold": 12.5,
      "test_auroc": 0.6257142857142857,
      "test_auroc_ci_95": [
        0.4536541889483066,
        0.7867132867132867
      ],
      "test_macro_f1": 0.5245969408846631,
      "test_confusion": {
        "true_negative": 18,
        "false_positive": 17,
        "false_negative": 6,
        "true_positive": 9
      }
    },
    "top3_token_surprise": {
      "display_name": "Top-3 token surprise",
      "direction": "higher score predicts an incorrect answer",
      "calibration_auroc": 0.8198529411764706,
      "calibration_macro_f1": 0.7619047619047619,
      "threshold": 1.0221941576466735,
      "test_auroc": 0.8171428571428572,
      "test_auroc_ci_95": [
        0.6842105263157895,
        0.9314285714285714
      ],
      "test_macro_f1": 0.6684749849306811,
      "test_confusion": {
        "true_negative": 34,
        "false_positive": 1,
        "false_negative": 10,
        "true_positive": 5
      }
    },
    "worst_token_surprise": {
      "display_name": "Worst-token surprise",
      "direction": "higher score predicts an incorrect answer",
      "calibration_auroc": 0.7610294117647058,
      "calibration_macro_f1": 0.7267759562841529,
      "threshold": 1.1185254168175094,
      "test_auroc": 0.7523809523809524,
      "test_auroc_ci_95": [
        0.5925297113752123,
        0.8888888888888888
      ],
      "test_macro_f1": 0.6323529411764706,
      "test_confusion": {
        "true_negative": 26,
        "false_positive": 9,
        "false_negative": 7,
        "true_positive": 8
      }
    },
    "surprise_spread": {
      "display_name": "Token-surprise spread",
      "direction": "higher score predicts an incorrect answer",
      "calibration_auroc": 0.7481617647058824,
      "calibration_macro_f1": 0.6710526315789473,
      "threshold": 0.5355162565660403,
      "test_auroc": 0.7714285714285715,
      "test_auroc_ci_95": [
        0.6177777777777778,
        0.9043659043659044
      ],
      "test_macro_f1": 0.6329757199322417,
      "test_confusion": {
        "true_negative": 32,
        "false_positive": 3,
        "false_negative": 10,
        "true_positive": 5
      }
    },
    "top4_token_surprise": {
      "display_name": "Top-4 token surprise",
      "direction": "higher score predicts an incorrect answer",
      "calibration_auroc": 0.84375,
      "calibration_macro_f1": 0.7619047619047619,
      "threshold": 0.869943196371481,
      "test_auroc": 0.8152380952380952,
      "test_auroc_ci_95": [
        0.6612466124661247,
        0.9371428571428572
      ],
      "test_macro_f1": 0.6684749849306811,
      "test_confusion": {
        "true_negative": 34,
        "false_positive": 1,
        "false_negative": 10,
        "true_positive": 5
      }
    },
    "skip_first_top3_surprise": {
      "display_name": "Top-3 surprise after first token",
      "direction": "higher score predicts an incorrect answer",
      "calibration_auroc": 0.8253676470588235,
      "calibration_macro_f1": 0.7688104245481295,
      "threshold": 0.5939552973062655,
      "test_auroc": 0.8266666666666667,
      "test_auroc_ci_95": [
        0.6857142857142857,
        0.939047619047619
      ],
      "test_macro_f1": 0.7395833333333333,
      "test_confusion": {
        "true_negative": 26,
        "false_positive": 9,
        "false_negative": 3,
        "true_positive": 12
      }
    },
    "surprise_shift_top3": {
      "display_name": "Top-3 surprise × hidden shift",
      "direction": "higher score predicts an incorrect answer",
      "calibration_auroc": 0.7830882352941176,
      "calibration_macro_f1": 0.7142857142857143,
      "threshold": 0.7512864061000282,
      "test_auroc": 0.8,
      "test_auroc_ci_95": [
        0.6525735294117647,
        0.9154411764705882
      ],
      "test_macro_f1": 0.76,
      "test_confusion": {
        "true_negative": 33,
        "false_positive": 2,
        "false_negative": 7,
        "true_positive": 8
      }
    },
    "uncertainty_shift_top3": {
      "display_name": "Top-3 uncertainty × hidden shift",
      "direction": "higher score predicts an incorrect answer",
      "calibration_auroc": 0.7775735294117647,
      "calibration_macro_f1": 0.6881496881496881,
      "threshold": 0.5986828616724977,
      "test_auroc": 0.7923809523809524,
      "test_auroc_ci_95": [
        0.6383333333333333,
        0.9185059422750425
      ],
      "test_macro_f1": 0.6894409937888198,
      "test_confusion": {
        "true_negative": 33,
        "false_positive": 2,
        "false_negative": 9,